month,year,pf_pre,pf_post,pf_total,token_count,nav,price_per_token,total_distribution,dist_per_token_monthly,dist_per_token_annual,avg_smp,avg_rec,avg_energy_MWh,curtailment,rollover_event
1,0.08,1,0,1,120000.0,1205240257.0,10043.67,0.0,0.0,0.0,114.68,77.26,105.45,0,0
2,0.17,1,0,1,120000.0,1237664049.0,10313.87,0.0,0.0,0.0,115.53,77.53,105.75,0,0
3,0.25,1,0,1,120000.0,1276265716.0,10635.55,0.0,0.0,0.0,116.87,78.03,106.02,0,0
4,0.33,1,0,1,120000.0,1315866516.0,10965.55,0.0,0.0,0.0,117.5,77.27,106.69,0,0
5,0.42,1,0,1,120000.0,1368169551.0,11401.41,0.0,0.0,0.0,118.26,76.47,107.2,0,0
6,0.5,1,0,1,120000.0,1417290104.0,11810.75,0.0,0.0,0.0,119.43,75.55,107.22,0,0
7,0.58,1,0,1,120000.0,1485222320.0,12376.85,0.0,0.0,0.0,118.06,73.75,108.08,0,0
8,0.67,1,0,1,120000.0,1525314754.0,12710.96,0.0,0.0,0.0,117.2,71.28,107.97,0,0
9,0.75,1,0,1,120000.0,1542367839.0,12853.07,0.0,0.0,0.0,115.91,68.81,107.37,0,0
10,0.83,1,0,1,120000.0,1568117001.0,13067.64,0.0,0.0,0.0,115.08,67.29,106.33,0,0
11,0.92,1,0,1,120000.0,1569992009.0,13083.27,0.0,0.0,0.0,113.44,65.87,105.47,0,0
12,1.0,0,1,1,202203.0,3007221061.0,14872.27,7472819.0,36.96,443.48,110.44,64.25,104.92,0,1
13,1.08,0,1,1,202203.0,2957254531.0,14625.16,7378007.0,36.49,437.86,107.49,63.68,104.04,0,0
14,1.17,0,1,1,202203.0,2968400098.0,14680.28,7379132.0,36.49,437.92,106.4,63.78,104.09,0,0
15,1.25,0,1,1,202203.0,3028916637.0,14979.56,7435460.0,36.77,441.27,105.0,64.25,104.69,0,0
16,1.33,0,1,1,202203.0,3103191023.0,15346.89,7561596.0,37.4,448.75,104.5,65.36,105.97,0,0
17,1.42,0,1,1,202203.0,3192244588.0,15787.3,7639557.0,37.78,453.38,103.72,66.91,106.78,0,0
18,1.5,0,1,1,202203.0,3290888549.0,16275.15,7692229.0,38.04,456.5,103.35,69.61,107.34,0,0
19,1.58,0,1,1,202203.0,3401040905.0,16819.91,7788130.0,38.52,462.2,103.67,72.38,108.32,0,0
20,1.67,0,1,1,202203.0,3466750665.0,17144.88,7774917.0,38.45,461.41,103.23,75.31,108.24,0,0
21,1.75,0,1,1,202203.0,3486316907.0,17241.64,7711460.0,38.14,457.65,103.35,78.46,107.66,0,0
22,1.83,0,1,1,202203.0,3482914149.0,17224.81,7568777.0,37.43,449.18,104.47,82.15,106.3,0,0
23,1.92,0,1,1,202203.0,3471265935.0,17167.21,7475482.0,36.97,443.64,106.07,85.82,105.43,0,0
24,2.0,0,1,1,273632.0,5229312722.0,19110.74,7418756.0,27.11,325.35,107.33,89.19,104.92,0,1
25,2.08,1,1,2,273632.0,5167297833.0,18884.1,7285499.0,26.63,319.5,108.33,91.79,103.65,0,0
26,2.17,1,1,2,273632.0,5163130126.0,18868.87,7261502.0,26.54,318.45,108.1,94.41,103.46,0,0
27,2.25,1,1,2,273632.0,5210844345.0,19043.25,7324750.0,26.77,321.22,108.16,95.56,104.12,0,0
28,2.33,1,1,2,273632.0,5270772564.0,19262.26,7445483.0,27.21,326.52,105.25,95.65,105.36,0,0
29,2.42,1,1,2,273632.0,5327905851.0,19471.05,7515876.0,27.47,329.6,102.21,95.87,106.09,0,0
30,2.5,1,1,2,273632.0,5365366046.0,19607.95,7542709.0,27.57,330.78,99.28,96.32,106.4,0,0
31,2.58,1,1,2,273632.0,5433848149.0,19858.22,7640689.0,27.92,335.08,97.72,95.81,107.41,0,0
32,2.67,1,1,2,273632.0,5419557704.0,19806.0,7647757.0,27.95,335.39,96.52,95.42,107.53,0,0
33,2.75,1,1,2,273632.0,5337584717.0,19506.43,7573410.0,27.68,332.13,94.07,95.25,106.84,0,0
34,2.83,1,1,2,273632.0,5232207231.0,19121.32,7462555.0,27.27,327.27,93.66,95.59,105.79,0,0
35,2.92,1,1,2,273632.0,5167175893.0,18883.66,7383042.0,26.98,323.78,94.32,96.17,105.05,0,0
36,3.0,0,2,2,333199.0,6834348180.0,20511.29,15900054.0,47.72,572.63,96.61,95.78,104.81,0,1
37,3.08,0,2,2,333199.0,6766087107.0,20306.42,15695119.0,47.1,565.25,98.04,95.8,103.89,0,0
38,3.17,0,2,2,333199.0,6790144324.0,20378.63,15712918.0,47.16,565.89,100.56,94.69,104.02,0,0
39,3.25,0,2,2,333199.0,6864310468.0,20601.21,15846275.0,47.56,570.7,104.03,93.72,104.69,0,0
40,3.33,0,2,2,333199.0,6970382273.0,20919.56,16044935.0,48.15,577.85,107.0,92.1,105.66,0,0
41,3.42,0,2,2,333199.0,7019774558.0,21067.79,16207981.0,48.64,583.72,111.36,89.42,106.47,0,0
42,3.5,0,2,2,333199.0,7021032312.0,21071.57,16281826.0,48.87,586.38,114.51,87.1,106.86,0,0
43,3.58,0,2,2,333199.0,7040378481.0,21129.63,16506634.0,49.54,594.48,118.83,84.68,107.96,0,0
44,3.67,0,2,2,333199.0,6994240435.0,20991.16,16487425.0,49.48,593.79,120.88,82.13,107.92,0,0
45,3.75,0,2,2,333199.0,6910354084.0,20739.4,16327120.0,49.0,588.01,122.64,79.7,107.21,0,0
46,3.83,0,2,2,333199.0,6785636715.0,20365.1,16133053.0,48.42,581.02,125.16,77.87,106.34,0,0
47,3.92,0,2,2,333199.0,6704562845.0,20121.78,15965557.0,47.92,574.99,127.73,76.14,105.6,0,0
48,4.0,0,2,2,395113.0,8245988143.0,20869.95,15838356.0,40.09,481.03,131.91,74.67,105.04,0,1
49,4.08,1,2,3,395113.0,8144124087.0,20612.14,15609612.0,39.51,474.08,136.72,73.64,104.01,0,0
50,4.17,1,2,3,395113.0,8149720258.0,20626.31,15633459.0,39.57,474.8,142.79,73.41,104.17,0,0
51,4.25,1,2,3,395113.0,8205631842.0,20767.81,15766680.0,39.9,478.85,148.85,73.2,104.84,0,0
52,4.33,1,2,3,395113.0,8333228573.0,21090.75,15933004.0,40.33,483.9,153.82,72.68,105.67,0,0
53,4.42,1,2,3,395113.0,8410196899.0,21285.55,16089750.0,40.72,488.66,156.96,72.18,106.45,0,0
54,4.5,1,2,3,395113.0,8455236633.0,21399.54,16179075.0,40.95,491.38,157.96,71.46,106.91,0,0
55,4.58,1,2,3,395113.0,8569550445.0,21688.86,16406848.0,41.52,498.29,156.32,71.74,108.03,0,0
56,4.67,1,2,3,395113.0,8549311233.0,21637.64,16393913.0,41.49,497.9,153.46,71.36,108.02,0,0
57,4.75,1,2,3,395113.0,8463466743.0,21420.37,16256795.0,41.14,493.74,149.94,70.64,107.42,0,0
58,4.83,1,2,3,395113.0,8333917227.0,21092.49,16021624.0,40.55,486.59,146.78,69.64,106.35,0,0
59,4.92,1,2,3,395113.0,8206531859.0,20770.09,15838878.0,40.09,481.04,141.75,68.57,105.53,0,0
60,5.0,0,3,3,451163.0,9757738821.0,21627.99,25085443.0,55.6,667.22,137.68,67.35,105.07,0,1
61,5.08,1,3,4,451163.0,9598793552.0,21275.69,24722245.0,54.8,657.56,132.87,66.31,104.02,0,0
62,5.17,1,3,4,451163.0,9582012581.0,21238.49,24647344.0,54.63,655.57,129.56,65.96,103.84,0,0
63,5.25,1,3,4,451163.0,9651789119.0,21393.15,24783908.0,54.93,659.2,127.41,65.17,104.29,0,0
64,5.33,1,3,4,451163.0,9758776280.0,21630.29,25164467.0,55.78,669.32,124.96,65.15,105.49,0,0
65,5.42,1,3,4,451163.0,9846129499.0,21823.91,25432095.0,56.37,676.44,124.52,65.8,106.34,0,0
66,5.5,1,3,4,451163.0,9898835298.0,21940.73,25549898.0,56.63,679.57,124.0,66.07,106.74,0,0
67,5.58,1,3,4,451163.0,10018389811.0,22205.72,25861074.0,57.32,687.85,126.18,66.46,107.73,0,0
68,5.67,1,3,4,451163.0,9961343803.0,22079.28,25863599.0,57.33,687.92,129.63,66.95,107.78,0,0
69,5.75,1,3,4,451163.0,9845947679.0,21823.5,25708874.0,56.98,683.8,134.69,67.84,107.36,0,0
70,5.83,1,3,4,451163.0,9690081654.0,21478.03,25305621.0,56.09,673.08,140.39,68.54,106.18,0,0
71,5.92,1,3,4,451163.0,9569058965.0,21209.78,24996423.0,55.4,664.85,145.14,69.72,105.29,0,0
72,6.0,0,4,4,512033.0,11047531102.0,21575.84,35143530.0,68.64,823.62,150.46,70.37,104.87,0,1
73,6.08,1,4,5,512033.0,10862385477.0,21214.25,34598955.0,67.57,810.86,154.13,70.34,103.73,0,0
74,6.17,1,4,5,512033.0,10884701138.0,21257.83,34549263.0,67.47,809.7,155.42,69.45,103.67,0,0
75,6.25,1,4,5,512033.0,10932729759.0,21351.63,34793790.0,67.95,815.43,156.03,68.78,104.24,0,0
76,6.33,1,4,5,512033.0,11053749809.0,21587.98,35308594.0,68.96,827.49,156.03,68.23,105.41,0,0
77,6.42,1,4,5,512033.0,11148125380.0,21772.3,35757337.0,69.83,838.01,156.79,66.84,106.43,0,0
78,6.5,1,4,5,512033.0,11172660536.0,21820.22,35944807.0,70.2,842.4,156.96,67.66,106.89,0,0
79,6.58,1,4,5,512033.0,11288970171.0,22047.37,36491176.0,71.27,855.21,156.45,68.35,108.12,0,0
80,6.67,1,4,5,512033.0,11223545439.0,21919.59,36545144.0,71.37,856.47,156.59,69.18,108.29,0,0
81,6.75,1,4,5,512033.0,11091877213.0,21662.45,36280238.0,70.86,850.26,153.89,69.49,107.75,0,0
82,6.83,1,4,5,512033.0,10907401650.0,21302.16,35710655.0,69.74,836.92,152.46,69.33,106.55,0,0
83,6.92,1,4,5,512033.0,10744613414.0,20984.24,35120026.0,68.59,823.07,151.42,68.69,105.3,0,0
84,7.0,0,5,5,568124.0,12195181500.0,21465.7,45056375.0,79.31,951.69,151.42,67.29,104.85,0,1
85,7.08,1,5,6,568124.0,11989022300.0,21102.83,44428987.0,78.2,938.44,152.31,65.72,103.82,0,0
86,7.17,1,5,6,568124.0,11969890171.0,21069.15,44366132.0,78.09,937.11,153.6,64.81,103.75,0,0
87,7.25,1,5,6,568124.0,12052722045.0,21214.95,44613290.0,78.53,942.33,156.12,65.17,104.22,0,0
88,7.33,1,5,6,568124.0,12161577212.0,21406.56,45309716.0,79.75,957.04,154.82,65.63,105.46,0,0
89,7.42,1,5,6,568124.0,12255344745.0,21571.6,45993646.0,80.96,971.48,153.69,65.94,106.67,0,0
90,7.5,1,5,6,568124.0,12317347144.0,21680.74,46238806.0,81.39,976.66,151.71,65.59,107.14,0,0
91,7.58,1,5,6,568124.0,12467187715.0,21944.48,46788848.0,82.36,988.28,150.98,65.3,108.13,0,0
92,7.67,1,5,6,568124.0,12468829358.0,21947.37,46730730.0,82.25,987.05,150.98,64.96,108.07,0,0
93,7.75,1,5,6,568124.0,12367624032.0,21769.23,46400582.0,81.67,980.08,151.16,64.14,107.55,0,0
94,7.83,1,5,6,568124.0,12199442120.0,21473.2,45732286.0,80.5,965.96,153.07,63.57,106.45,0,0
95,7.92,1,5,6,568124.0,12039532574.0,21191.73,45176608.0,79.52,954.23,153.86,63.5,105.54,0,0
96,8.0,0,6,6,629235.0,13586788227.0,21592.56,55136197.0,87.62,1051.49,154.02,63.9,105.23,0,1
97,8.08,1,6,7,629235.0,13375968739.0,21257.52,54325551.0,86.34,1036.03,152.99,64.32,104.13,0,0
98,8.17,1,6,7,629235.0,13360942515.0,21233.64,0.0,0.0,0.0,152.99,64.61,104.12,1,0
99,8.25,1,6,7,629235.0,13439479323.0,21358.46,54616523.0,86.8,1041.58,151.99,65.11,104.63,0,0
100,8.33,1,6,7,629235.0,13608369967.0,21626.86,55285336.0,87.86,1054.33,152.8,65.85,105.62,0,0
101,8.42,1,6,7,629235.0,13722464605.0,21808.18,55868640.0,88.79,1065.46,154.19,66.57,106.48,0,0
102,8.5,1,6,7,629235.0,13780388082.0,21900.24,55999691.0,89.0,1067.96,153.42,67.06,106.71,0,0
103,8.58,1,6,7,629235.0,13924798496.0,22129.74,56676105.0,90.07,1080.86,151.88,67.11,107.71,0,0
104,8.67,1,6,7,629235.0,13821289908.0,21965.24,56537828.0,89.85,1078.22,147.77,66.6,107.56,0,0
105,8.75,1,6,7,629235.0,13631432805.0,21663.51,56240005.0,89.38,1072.54,144.98,66.14,107.19,0,0
106,8.83,1,6,7,629235.0,13353549259.0,21221.89,55296901.0,87.88,1054.56,141.7,65.54,105.9,0,0
107,8.92,1,6,7,629235.0,13162429719.0,20918.16,54489340.0,86.6,1039.15,138.48,66.06,104.8,0,0
108,9.0,0,7,7,686217.0,14600251900.0,21276.43,63417065.0,92.42,1108.99,136.1,66.32,104.55,0,1
109,9.08,1,7,8,686217.0,12805691823.0,18661.28,62552255.0,91.16,1093.86,135.85,66.54,103.55,0,0
110,9.17,1,7,8,686217.0,12739043630.0,18564.16,62645096.0,91.29,1095.49,137.26,67.73,103.7,0,0
111,9.25,1,7,8,686217.0,12798643021.0,18651.01,62902119.0,91.67,1099.98,137.83,69.17,104.06,0,0
112,9.33,1,7,8,686217.0,12929923463.0,18842.32,63877897.0,93.09,1117.04,138.29,69.92,105.29,0,0
113,9.42,1,7,8,686217.0,13014801088.0,18966.01,64703982.0,94.29,1131.49,138.2,69.86,106.34,0,0
114,9.5,1,7,8,686217.0,13007137943.0,18954.84,64982488.0,94.7,1136.36,137.76,69.86,106.72,0,0
115,9.58,1,7,8,686217.0,13124472101.0,19125.83,65832409.0,95.94,1151.22,136.01,69.54,107.8,0,0
116,9.67,1,7,8,686217.0,13058283599.0,19029.38,65702833.0,95.75,1148.96,133.84,69.15,107.69,0,0
117,9.75,1,7,8,686217.0,12907964087.0,18810.32,65328777.0,95.2,1142.42,133.04,68.41,107.28,0,0
118,9.83,1,7,8,686217.0,12683187032.0,18482.76,64432939.0,93.9,1126.75,132.05,67.83,106.23,0,0
119,9.92,1,7,8,686217.0,12503945016.0,18221.56,63641502.0,92.74,1112.91,131.68,66.56,105.31,0,0
120,10.0,0,8,8,751920.0,13962791256.0,18569.52,72191087.0,96.01,1152.11,133.21,65.41,104.88,0,1
121,10.08,1,8,9,751920.0,13760388584.0,18300.33,71249323.0,94.76,1137.08,134.87,65.05,103.92,0,0
122,10.17,1,8,9,751920.0,13746146361.0,18281.39,71375147.0,94.92,1139.09,136.52,64.87,104.1,0,0
123,10.25,1,8,9,751920.0,13824188575.0,18385.18,71673695.0,95.32,1143.85,136.61,64.6,104.46,0,0
124,10.33,1,8,9,751920.0,13986180230.0,18600.62,72761969.0,96.77,1161.22,135.66,64.35,105.67,0,0
125,10.42,1,8,9,751920.0,14089233951.0,18737.68,73460873.0,97.7,1172.37,135.64,64.68,106.46,0,0
126,10.5,1,8,9,751920.0,14100238875.0,18752.31,73938927.0,98.33,1180.0,135.79,65.45,107.02,0,0
127,10.58,1,8,9,751920.0,14249396264.0,18950.68,74694840.0,99.34,1192.07,135.12,66.38,107.87,0,0
128,10.67,1,8,9,751920.0,14226795224.0,18920.62,74560511.0,99.16,1189.92,133.3,67.25,107.77,0,0
129,10.75,1,8,9,751920.0,14115731822.0,18772.92,74120264.0,98.57,1182.9,132.61,68.63,107.34,0,0
130,10.83,1,8,9,751920.0,13884274831.0,18465.09,72980776.0,97.06,1164.71,133.73,70.44,106.17,0,0
131,10.92,1,8,9,751920.0,13671203725.0,18181.73,72262829.0,96.1,1153.25,134.94,73.22,105.44,0,0
132,11.0,0,9,9,815841.0,15324517387.0,18783.7,81233635.0,99.57,1194.84,135.68,75.13,104.74,0,1
133,11.08,1,9,10,815841.0,15070492075.0,18472.33,80172307.0,98.27,1179.23,137.07,76.4,103.78,0,0
134,11.17,1,9,10,815841.0,15004524021.0,18391.47,80216719.0,98.32,1179.89,140.54,77.67,103.86,0,0
135,11.25,1,9,10,815841.0,15007615400.0,18395.26,0.0,0.0,0.0,145.05,77.73,104.28,1,0
136,11.33,1,9,10,815841.0,15138164532.0,18555.28,81764859.0,100.22,1202.66,148.69,76.91,105.42,0,0
137,11.42,1,9,10,815841.0,15241142193.0,18681.5,82723722.0,101.4,1216.76,148.74,75.0,106.37,0,0
138,11.5,1,9,10,815841.0,15261440043.0,18706.38,83149194.0,101.92,1223.02,148.66,74.14,106.82,0,0
139,11.58,1,9,10,815841.0,15401224418.0,18877.72,84173888.0,103.17,1238.09,148.88,73.78,107.84,0,0
140,11.67,1,9,10,815841.0,15325113024.0,18784.43,84229762.0,103.24,1238.91,148.13,73.4,107.94,0,0
141,11.75,1,9,10,815841.0,15144048587.0,18562.49,83610313.0,102.48,1229.8,146.49,73.4,107.39,0,0
142,11.83,1,9,10,815841.0,14897178840.0,18259.9,82431032.0,101.04,1212.46,144.44,74.35,106.32,0,0
143,11.92,1,9,10,815841.0,14661277158.0,17970.74,81167083.0,99.49,1193.87,143.43,74.51,105.16,0,0
144,12.0,0,10,10,889044.0,16027323470.0,18027.6,90570649.0,101.87,1222.49,142.24,74.2,104.63,0,1
145,12.08,1,10,11,889044.0,15734773557.0,17698.54,89335971.0,100.49,1205.83,141.02,75.25,103.63,0,0
146,12.17,1,10,11,889044.0,15684557094.0,17642.06,88996950.0,100.1,1201.25,140.88,77.08,103.38,0,0
147,12.25,1,10,11,889044.0,15732870536.0,17696.4,89596565.0,100.78,1209.34,139.92,78.78,103.94,0,0
148,12.33,1,10,11,889044.0,15836535164.0,17813.0,91076023.0,102.44,1229.31,138.76,80.39,105.24,0,0
149,12.42,1,10,11,889044.0,15957176537.0,17948.7,92195391.0,103.7,1244.42,139.42,83.61,106.24,0,0
150,12.5,1,10,11,889044.0,15990075932.0,17985.71,92793258.0,104.37,1252.49,141.24,86.99,106.79,0,0
151,12.58,1,10,11,889044.0,16139896496.0,18154.23,93891733.0,105.61,1267.32,142.61,89.77,107.77,0,0
152,12.67,1,10,11,889044.0,16042574599.0,18044.76,94065273.0,105.81,1269.66,142.33,92.13,107.97,0,0
153,12.75,1,10,11,889044.0,15851329312.0,17829.64,93485209.0,105.15,1261.83,144.72,94.77,107.52,0,0
154,12.83,1,10,11,889044.0,15577250728.0,17521.36,91922446.0,103.39,1240.74,147.24,96.97,106.23,0,0
155,12.92,1,10,11,889044.0,15313799445.0,17225.03,90910023.0,102.26,1227.07,148.99,98.81,105.41,0,0
156,13.0,0,11,11,958971.0,16563376022.0,17272.03,102608126.0,107.0,1283.98,150.69,100.54,105.03,0,1
157,13.08,1,11,12,958971.0,16212476447.0,16906.12,101188642.0,105.52,1266.22,153.44,101.91,104.0,0,0
158,13.17,1,11,12,958971.0,16167743101.0,16859.47,100978129.0,105.3,1263.58,156.19,104.07,103.88,0,0
159,13.25,1,11,12,958971.0,16213410035.0,16907.09,101619872.0,105.97,1271.61,155.5,105.78,104.41,0,0
160,13.33,1,11,12,958971.0,16318113777.0,17016.28,103049971.0,107.46,1289.51,155.59,106.85,105.54,0,0
161,13.42,1,11,12,958971.0,16418142033.0,17120.59,104317635.0,108.78,1305.37,156.55,108.38,106.55,0,0
162,13.5,1,11,12,958971.0,16408836831.0,17110.88,104765062.0,109.25,1310.97,157.3,111.21,106.94,0,0
163,13.58,1,11,12,958971.0,16539276825.0,17246.9,106235894.0,110.78,1329.37,157.09,113.93,108.1,0,0
164,13.67,1,11,12,958971.0,16440753519.0,17144.16,106284184.0,110.83,1329.98,155.73,115.53,108.18,0,0
165,13.75,1,11,12,958971.0,16262049734.0,16957.81,105710745.0,110.23,1322.8,154.42,117.38,107.79,0,0
166,13.83,1,11,12,958971.0,16029851059.0,16715.68,104058128.0,108.51,1302.12,154.52,119.52,106.58,0,0
167,13.92,1,11,12,958971.0,15786034182.0,16461.43,102587501.0,106.98,1283.72,152.58,120.86,105.5,0,0
168,14.0,0,12,12,1035369.0,17002352781.0,16421.54,115413631.0,111.47,1337.65,150.02,120.5,105.12,0,1
169,14.08,1,12,13,1035369.0,16754076549.0,16181.75,113561268.0,109.68,1316.18,146.63,119.33,103.9,0,0
170,14.17,1,12,13,1035369.0,16713759662.0,16142.81,113436472.0,109.56,1314.74,144.24,119.8,103.86,0,0
171,14.25,1,12,13,1035369.0,16773719219.0,16200.72,113857984.0,109.97,1319.62,141.76,120.66,104.19,0,0
172,14.33,1,12,13,1035369.0,16930261200.0,16351.91,115605394.0,111.66,1339.87,137.22,123.25,105.42,0,0
173,14.42,1,12,13,1035369.0,17091000754.0,16507.16,116947560.0,112.95,1355.43,135.03,124.4,106.38,0,0
174,14.5,1,12,13,1035369.0,17159412273.0,16573.24,117671294.0,113.65,1363.82,133.85,126.93,106.92,0,0
175,14.58,1,12,13,1035369.0,17296971674.0,16706.1,119225786.0,115.15,1381.84,134.79,130.08,108.03,0,0
176,14.67,1,12,13,1035369.0,17207063446.0,16619.26,119109585.0,115.04,1380.49,133.87,131.39,107.99,0,0
177,14.75,1,12,13,1035369.0,17017273598.0,16435.95,118185391.0,114.15,1369.78,134.3,132.65,107.41,0,0
178,14.83,1,12,13,1035369.0,16730982710.0,16159.44,116363639.0,112.39,1348.66,133.77,132.7,106.21,0,0
179,14.92,1,12,13,1035369.0,16488696754.0,15925.43,114966344.0,111.04,1332.47,133.75,133.9,105.3,0,0
180,15.0,0,13,13,1109845.0,17929743662.0,16155.18,127045686.0,114.47,1373.66,133.89,133.92,104.61,0,1
181,15.08,1,13,14,1109845.0,17641164945.0,15895.16,125423622.0,113.01,1356.12,132.35,133.92,103.66,0,0
182,15.17,1,13,14,1109845.0,17618635334.0,15874.86,125303372.0,112.9,1354.82,133.71,132.26,103.62,0,0
183,15.25,1,13,14,1109845.0,17705321177.0,15952.97,126250571.0,113.76,1365.06,134.83,129.09,104.25,0,0
184,15.33,1,13,14,1109845.0,17881889390.0,16112.06,127994428.0,115.33,1383.92,135.77,124.67,105.38,0,0
185,15.42,1,13,14,1109845.0,17938197058.0,16162.79,129436024.0,116.63,1399.5,134.49,120.23,106.31,0,0
186,15.5,1,13,14,1109845.0,17950894435.0,16174.23,130279404.0,117.39,1408.62,133.02,118.03,106.88,0,0
187,15.58,1,13,14,1109845.0,18125728411.0,16331.76,131904285.0,118.85,1426.19,134.29,114.77,107.93,0,0
188,15.67,1,13,14,1109845.0,17982897894.0,16203.07,132158574.0,119.08,1428.94,136.33,113.61,108.14,0,0
189,15.75,1,13,14,1109845.0,17745220469.0,15988.92,131235426.0,118.25,1418.96,138.86,113.56,107.61,0,0
190,15.83,1,13,14,1109845.0,17400713490.0,15678.51,129218041.0,116.43,1397.15,143.47,113.59,106.4,0,0
191,15.92,1,13,14,1109845.0,17146475080.0,15449.43,127810200.0,115.16,1381.92,149.0,114.48,105.57,0,0
192,16.0,0,14,14,1189994.0,18727326649.0,15737.33,141071803.0,118.55,1422.58,152.14,113.04,104.95,0,1
193,16.08,1,14,15,1189994.0,18369266890.0,15436.44,138967712.0,116.78,1401.36,153.72,113.14,103.8,0,0
194,16.17,1,14,15,1189994.0,18302268345.0,15380.14,138460618.0,116.35,1396.25,151.81,113.72,103.56,0,0
195,16.25,1,14,15,1189994.0,18318337537.0,15393.64,139272700.0,117.04,1404.44,148.79,114.41,104.06,0,0
196,16.33,1,14,15,1189994.0,18491659635.0,15539.29,141619174.0,119.01,1428.1,147.39,116.77,105.44,0,0
197,16.42,1,14,15,1189994.0,18610964463.0,15639.55,143052433.0,120.21,1442.55,143.74,119.65,106.29,0,0
198,16.5,1,14,15,1189994.0,18595925397.0,15626.91,144009805.0,121.02,1452.21,142.71,121.51,106.88,0,0
199,16.58,1,14,15,1189994.0,18772304281.0,15775.13,145851659.0,122.57,1470.78,140.37,121.99,107.97,0,0
200,16.67,1,14,15,1189994.0,18681084634.0,15698.47,145793132.0,122.52,1470.19,141.69,122.04,107.99,0,0
201,16.75,1,14,15,1189994.0,18468827230.0,15520.1,144653723.0,121.56,1458.7,143.89,122.71,107.38,0,0
202,16.83,1,14,15,1189994.0,18112606750.0,15220.76,142254478.0,119.54,1434.51,143.34,122.19,106.06,0,0
203,16.92,1,14,15,1189994.0,17811641545.0,14967.84,140331637.0,117.93,1415.12,145.83,120.01,105.01,0,0
204,17.0,0,15,15,1269258.0,19322964182.0,15223.83,152543554.0,120.18,1442.2,148.48,118.88,104.55,0,1
205,17.08,1,15,16,1269258.0,18965040991.0,14941.84,150450648.0,118.53,1422.41,151.94,118.02,103.5,0,0
206,17.17,1,15,16,1269258.0,18850280276.0,14851.42,150573893.0,118.63,1423.58,152.79,117.07,103.61,0,0
207,17.25,1,15,16,1269258.0,18832806479.0,14837.65,151534209.0,119.39,1432.66,154.29,114.76,104.15,0,0
208,17.33,1,15,16,1269258.0,18977720391.0,14951.82,153621163.0,121.03,1452.39,155.8,112.72,105.29,0,0
209,17.42,1,15,16,1269258.0,19146898436.0,15085.11,155070625.0,122.17,1466.09,156.91,112.02,106.09,0,0
210,17.5,1,15,16,1269258.0,19149883590.0,15087.47,155927834.0,122.85,1474.2,157.22,111.17,106.59,0,0
211,17.58,1,15,16,1269258.0,19303717971.0,15208.67,157945198.0,124.44,1493.27,157.45,111.06,107.69,0,0
212,17.67,1,15,16,1269258.0,19229362070.0,15150.08,158013375.0,124.49,1493.91,157.79,110.27,107.77,0,0
213,17.75,1,15,16,1269258.0,19082132839.0,15034.09,157131675.0,123.8,1485.58,157.83,110.75,107.35,0,0
214,17.83,1,15,16,1269258.0,18794727022.0,14807.65,154979384.0,122.1,1465.23,155.96,112.03,106.27,0,0
215,17.92,1,15,16,1269258.0,18474627498.0,14555.46,153339415.0,120.81,1449.72,153.5,114.43,105.45,0,0
216,18.0,0,16,16,1349530.0,20236908693.0,14995.53,166845465.0,123.63,1483.59,150.6,116.26,105.0,0,1
217,18.08,1,16,17,1349530.0,19887561984.0,14736.66,164370300.0,121.8,1461.58,147.29,118.8,103.84,0,0
218,18.17,1,16,17,1349530.0,19822108011.0,14688.16,163829203.0,121.4,1456.77,144.19,122.73,103.62,0,0
219,18.25,1,16,17,1349530.0,19869887589.0,14723.57,164264737.0,121.72,1460.64,140.03,124.98,103.88,0,0
220,18.33,1,16,17,1349530.0,20011357522.0,14828.39,166475067.0,123.36,1480.29,137.07,127.9,105.0,0,0
221,18.42,1,16,17,1349530.0,20093675553.0,14889.39,168235256.0,124.66,1495.95,133.34,128.36,105.9,0,0
222,18.5,1,16,17,1349530.0,20104042223.0,14897.07,169320189.0,125.47,1505.59,130.55,130.29,106.47,0,0
223,18.58,1,16,17,1349530.0,20275110631.0,15023.84,171584692.0,127.14,1525.73,128.39,130.62,107.62,0,0
224,18.67,1,16,17,1349530.0,20145744838.0,14927.98,171857426.0,127.35,1528.15,127.5,130.62,107.8,0,0
225,18.75,1,16,17,1349530.0,19906298421.0,14750.55,170991596.0,126.7,1520.46,127.07,131.46,107.42,0,0
226,18.83,1,16,17,1349530.0,19546733966.0,14484.11,168467278.0,124.83,1498.01,126.77,130.81,106.23,0,0
227,18.92,1,16,17,1349530.0,19248214215.0,14262.91,166852733.0,123.64,1483.65,127.61,131.32,105.49,0,0
228,19.0,0,17,17,1433401.0,20926944261.0,14599.51,178290746.0,124.38,1492.6,127.71,131.11,104.95,0,1
229,19.08,1,17,18,1433401.0,20486111214.0,14291.96,175791708.0,122.64,1471.68,128.36,131.89,103.85,0,0
230,19.17,1,17,18,1433401.0,20340039053.0,14190.06,175690052.0,122.57,1470.82,128.82,131.08,103.85,0,0
231,19.25,1,17,18,1433401.0,20296099492.0,14159.4,176754487.0,123.31,1479.74,128.83,130.68,104.38,0,0
232,19.33,1,17,18,1433401.0,20411595323.0,14239.98,178980130.0,124.86,1498.37,129.62,131.12,105.44,0,0
233,19.42,1,17,18,1433401.0,20474386597.0,14283.78,180596970.0,125.99,1511.9,129.37,131.0,106.22,0,0
234,19.5,1,17,18,1433401.0,20439146307.0,14259.2,181160812.0,126.39,1516.62,130.43,129.88,106.52,0,0
235,19.58,1,17,18,1433401.0,20613722174.0,14380.99,183789439.0,128.22,1538.63,129.86,129.88,107.76,0,0
236,19.67,1,17,18,1433401.0,20501020222.0,14302.37,183279227.0,127.86,1534.36,128.47,130.68,107.57,0,0
237,19.75,1,17,18,1433401.0,20347638096.0,14195.36,182165400.0,127.09,1525.03,127.21,131.48,107.11,0,0
238,19.83,1,17,18,1433401.0,19990771572.0,13946.39,180210537.0,125.72,1508.67,125.86,131.73,106.26,0,0
239,19.92,1,17,18,1433401.0,19674332285.0,13725.63,177992974.0,124.18,1490.1,124.98,130.95,105.29,0,0
240,20.0,0,18,18,1519265.0,21432804235.0,14107.35,190783328.0,125.58,1506.91,122.29,132.21,104.93,0,1
241,20.08,1,18,19,1519265.0,21033363280.0,13844.43,188059868.0,123.78,1485.4,120.48,132.21,103.81,0,0
242,20.17,1,18,19,1519265.0,20892476206.0,13751.7,188315819.0,123.95,1487.42,118.4,131.3,103.97,0,0
243,20.25,1,18,19,1519265.0,20877856239.0,13742.08,189318051.0,124.61,1495.34,116.58,130.74,104.44,0,0
244,20.33,1,18,19,1519265.0,21043135171.0,13850.87,191630778.0,126.13,1513.61,115.21,131.1,105.47,0,0
245,20.42,1,18,19,1519265.0,21172980747.0,13936.33,193786342.0,127.55,1530.63,114.88,132.27,106.44,0,0
246,20.5,1,18,19,1519265.0,21141726766.0,13915.76,194951422.0,128.32,1539.83,115.74,132.11,106.98,0,0
247,20.58,1,18,19,1519265.0,21310235068.0,14026.67,196801789.0,129.54,1554.45,116.88,132.11,107.82,0,0
248,20.67,1,18,19,1519265.0,21158168977.0,13926.58,196469469.0,129.32,1551.83,119.99,133.02,107.73,0,0
249,20.75,1,18,19,1519265.0,20843959248.0,13719.76,195576218.0,128.73,1544.77,124.46,133.77,107.39,0,0
250,20.83,1,18,19,1519265.0,20446348361.0,13458.05,192593989.0,126.77,1521.21,131.39,132.3,106.15,0,0
251,20.92,1,18,19,1519265.0,20025312503.0,13180.92,190337695.0,125.28,1503.39,138.27,131.36,105.23,0,0
252,21.0,0,19,19,1624971.0,21761769220.0,13392.1,196537878.0,120.95,1451.38,144.62,130.57,104.85,0,1
253,21.08,1,18,19,1624971.0,21314112187.0,13116.61,194301344.0,119.57,1434.87,150.67,129.15,103.96,0,0
254,21.17,1,18,19,1624971.0,21213298187.0,13054.57,194678646.0,119.8,1437.65,154.68,129.15,104.16,0,0
255,21.25,1,18,19,1624971.0,21169919480.0,13027.88,195619008.0,120.38,1444.6,157.86,129.15,104.59,0,0
256,21.33,1,18,19,1624971.0,21282948552.0,13097.43,198558864.0,122.19,1466.31,158.0,129.89,105.87,0,0
257,21.42,1,18,19,1624971.0,21362686301.0,13146.5,200742182.0,123.54,1482.43,157.32,130.83,106.82,0,0
258,21.5,1,18,19,1624971.0,21295476985.0,13105.14,201355336.0,123.91,1486.96,157.03,131.83,107.13,0,0
259,21.58,1,18,19,1624971.0,21406384884.0,13173.4,203669280.0,125.34,1504.05,157.03,133.25,108.14,0,0
260,21.67,1,18,19,1624971.0,21276492444.0,13093.46,203374908.0,125.16,1501.87,157.6,133.25,108.06,0,0
261,21.75,1,18,19,1624971.0,21034280884.0,12944.4,202168565.0,124.41,1492.96,156.8,133.25,107.6,0,0
262,21.83,1,18,19,1624971.0,20636276518.0,12699.47,199168282.0,122.57,1470.81,153.92,134.0,106.39,0,0
263,21.92,1,18,19,1624971.0,20268365943.0,12473.06,196894466.0,121.17,1454.02,150.46,133.29,105.48,0,0
264,22.0,0,19,19,1725232.0,21874893892.0,12679.39,211213586.0,122.43,1469.11,146.66,133.22,105.13,0,1
265,22.08,1,19,20,1725232.0,21466704042.0,12442.79,208286605.0,120.73,1448.76,141.55,133.22,104.02,0,0
266,22.17,1,19,20,1725232.0,21330578769.0,12363.89,207876442.0,120.49,1445.9,135.51,132.57,103.9,0,0
267,22.25,1,19,20,1725232.0,21315700360.0,12355.26,209022542.0,121.16,1453.87,129.73,132.19,104.4,0,0
268,22.33,1,19,20,1725232.0,21448403747.0,12432.18,212039976.0,122.91,1474.86,126.17,132.19,105.63,0,0
269,22.42,1,19,20,1725232.0,21601478115.0,12520.91,214564046.0,124.37,1492.42,123.95,132.91,106.67,0,0
270,22.5,1,19,20,1725232.0,21582843694.0,12510.11,215009388.0,124.63,1495.52,120.1,132.97,106.89,0,0
271,22.58,1,19,20,1725232.0,19745283183.0,11445.0,217818004.0,126.25,1515.05,119.12,132.89,108.04,0,0
272,22.67,1,19,20,1725232.0,19601942599.0,11361.91,217675552.0,126.17,1514.06,117.88,133.24,108.02,0,0
273,22.75,1,19,20,1725232.0,19348350724.0,11214.92,216387432.0,125.43,1505.1,115.71,132.71,107.56,0,0
274,22.83,1,19,20,1725232.0,18962217284.0,10991.11,213320834.0,123.65,1483.77,114.4,132.08,106.4,0,0
275,22.92,1,19,20,1725232.0,18576336950.0,10767.44,210639347.0,122.09,1465.12,113.62,131.89,105.38,0,0
276,23.0,0,20,20,1837122.0,20202627762.0,10996.89,214555547.0,116.79,1401.47,116.23,131.28,105.19,0,1
277,23.08,1,19,20,1837122.0,19876255650.0,10819.24,211856841.0,115.32,1383.84,117.09,129.32,104.19,0,0
278,23.17,1,19,20,1837122.0,19746620595.0,10748.67,212078446.0,115.44,1385.29,119.72,128.0,104.32,0,0
279,23.25,1,19,20,1837122.0,19744771803.0,10747.66,213173796.0,116.04,1392.44,123.41,126.09,104.79,0,0
280,23.33,1,19,20,1837122.0,19851783335.0,10805.91,215392103.0,117.24,1406.93,126.28,123.94,105.69,0,0
281,23.42,1,19,20,1837122.0,19982727145.0,10877.19,217514581.0,118.4,1420.8,127.78,119.66,106.56,0,0
282,23.5,1,19,20,1837122.0,19883998113.0,10823.45,218281533.0,118.82,1425.81,126.3,115.63,106.9,0,0
283,23.58,1,19,20,1837122.0,19966146117.0,10868.17,220402730.0,119.97,1439.66,124.43,113.33,107.77,0,0
284,23.67,1,19,20,1837122.0,19806010169.0,10781.0,220323182.0,119.93,1439.14,121.69,111.7,107.79,0,0
285,23.75,1,19,20,1837122.0,19545675263.0,10639.29,219004275.0,119.21,1430.53,119.0,110.98,107.32,0,0
286,23.83,1,19,20,1837122.0,19173470719.0,10436.69,216398578.0,117.79,1413.51,116.7,111.86,106.35,0,0
287,23.92,1,19,20,1837122.0,18792501900.0,10229.32,213917856.0,116.44,1397.3,115.44,115.12,105.43,0,0
288,24.0,0,20,20,1953776.0,20367919852.0,10424.9,225063493.0,115.19,1382.33,114.87,118.54,104.99,0,1
289,24.08,1,20,21,1953776.0,19973911057.0,10223.24,222286277.0,113.77,1365.27,115.33,121.54,104.0,0,0
290,24.17,1,20,21,1953776.0,19861590999.0,10165.75,221888899.0,113.57,1362.83,115.51,124.36,103.9,0,0
291,24.25,1,20,21,1953776.0,19842784246.0,10156.12,222810895.0,114.04,1368.49,115.39,127.73,104.28,0,0
292,24.33,1,20,21,1953776.0,19964048789.0,10218.19,225488373.0,115.41,1384.94,115.89,129.23,105.32,0,0
293,24.42,1,20,21,1953776.0,20096866543.0,10286.17,228012694.0,116.7,1400.44,116.03,130.44,106.3,0,0
294,24.5,1,20,21,1953776.0,20110030291.0,10292.91,229047428.0,117.23,1406.8,115.63,131.66,106.73,0,0
295,24.58,1,20,21,1953776.0,20221568844.0,10349.99,232073222.0,118.78,1425.38,114.62,132.8,107.9,0,0
296,24.67,1,20,21,1953776.0,20086388201.0,10280.8,232072649.0,118.78,1425.38,112.48,133.22,107.94,0,0
297,24.75,1,20,21,1953776.0,19885765379.0,10178.12,230810118.0,118.14,1417.62,110.79,133.4,107.52,0,0
298,24.83,1,20,21,1953776.0,19506435234.0,9983.97,227665829.0,116.53,1398.31,107.59,133.8,106.39,0,0
299,24.92,1,20,21,1953776.0,19125014813.0,9788.75,225051889.0,115.19,1382.26,104.77,133.8,105.47,0,0
300,25.0,0,21,21,2077576.0,20666377575.0,9947.35,226784869.0,109.16,1309.9,103.51,133.01,104.99,0,1
301,25.08,1,20,21,2077576.0,20308132110.0,9774.92,223809575.0,107.73,1292.72,102.67,132.37,103.94,0,0
302,25.17,1,20,21,2077576.0,20263070763.0,9753.23,223538908.0,107.6,1291.15,104.5,132.37,103.88,0,0
303,25.25,1,20,21,2077576.0,20304197203.0,9773.02,224420386.0,108.02,1296.24,106.59,132.37,104.25,0,0
304,25.33,1,20,21,2077576.0,20452082948.0,9844.2,227947090.0,109.72,1316.61,109.52,132.11,105.59,0,0
305,25.42,1,20,21,2077576.0,20551873256.0,9892.24,229990973.0,110.7,1328.42,111.42,132.11,106.39,0,0
306,25.5,1,20,21,2077576.0,20597708284.0,9914.3,230980471.0,111.18,1334.13,112.41,132.9,106.8,0,0
307,25.58,1,20,21,2077576.0,20767758692.0,9996.15,233196462.0,112.24,1346.93,113.48,133.74,107.66,0,0
308,25.67,1,20,21,2077576.0,20628626711.0,9929.18,233221659.0,112.26,1347.08,114.58,133.05,107.72,0,0
309,25.75,1,20,21,2077576.0,20415931890.0,9826.8,231796877.0,111.57,1338.85,114.13,132.08,107.23,0,0
310,25.83,1,20,21,2077576.0,20109746705.0,9679.43,228470406.0,109.97,1319.64,114.05,131.27,106.05,0,0
311,25.92,1,20,21,2077576.0,19756422105.0,9509.36,226396998.0,108.97,1307.66,114.81,130.25,105.33,0,0
312,26.0,0,21,21,2201760.0,21587955430.0,9804.86,228130185.0,103.61,1243.35,115.61,130.25,104.97,0,1
313,26.08,1,20,21,2201760.0,21183358267.0,9621.1,225635538.0,102.48,1229.76,116.55,130.25,104.1,0,0
314,26.17,1,20,21,2201760.0,21031992883.0,9552.35,225724277.0,102.52,1230.24,117.14,130.79,104.17,0,0
315,26.25,1,20,21,2201760.0,20956889951.0,9518.24,227051835.0,103.12,1237.47,118.61,131.54,104.7,0,0
316,26.33,1,20,21,2201760.0,21033093703.0,9552.85,229847441.0,104.39,1252.71,120.91,130.88,105.77,0,0
317,26.42,1,20,21,2201760.0,21131338134.0,9597.48,232808871.0,105.74,1268.85,121.77,129.71,106.9,0,0
318,26.5,1,20,21,2201760.0,21109019931.0,9587.34,234281182.0,106.41,1276.88,123.25,126.56,107.49,0,0
319,26.58,1,20,21,2201760.0,21197999774.0,9627.75,236809303.0,107.55,1290.65,125.54,123.52,108.46,0,0
320,26.67,1,20,21,2201760.0,20982135167.0,9529.71,236498705.0,107.41,1288.96,127.76,122.12,108.39,0,0
321,26.75,1,20,21,2201760.0,20673208369.0,9389.4,235560978.0,106.99,1283.85,131.04,119.73,108.09,0,0
322,26.83,1,20,21,2201760.0,20249948018.0,9197.16,231922025.0,105.33,1264.02,131.39,118.93,106.8,0,0
323,26.92,1,20,21,2201760.0,19893646302.0,9035.34,228511356.0,103.79,1245.43,133.18,117.92,105.59,0,0
324,27.0,0,21,21,2335537.0,21460223950.0,9188.56,230295525.0,98.6,1183.26,135.15,119.18,105.01,0,1
325,27.08,1,20,21,2335537.0,21040767877.0,9008.96,226419149.0,96.95,1163.34,136.22,119.22,103.65,0,0
326,27.17,1,20,21,2335537.0,20934734314.0,8963.56,226005032.0,96.77,1161.21,134.89,119.17,103.54,0,0
327,27.25,1,20,21,2335537.0,20947422602.0,8969.0,226320003.0,96.9,1162.83,135.64,119.63,103.7,0,0
328,27.33,1,20,21,2335537.0,21114133447.0,9040.38,229402313.0,98.22,1178.67,137.69,119.55,104.86,0,0
329,27.42,1,20,21,2335537.0,21243249790.0,9095.66,232062089.0,99.36,1192.34,138.36,119.76,105.88,0,0
330,27.5,1,20,21,2335537.0,21258829127.0,9102.33,233728596.0,100.07,1200.9,138.53,117.87,106.53,0,0
331,27.58,1,20,21,2335537.0,21397926718.0,9161.89,237318027.0,101.61,1219.34,136.89,116.61,107.88,0,0
332,27.67,1,20,21,2335537.0,21283865489.0,9113.05,237287044.0,101.6,1219.18,136.86,112.99,107.92,0,0
333,27.75,1,20,21,2335537.0,21037220519.0,9007.44,236611768.0,101.31,1215.71,133.36,110.05,107.71,0,0
334,27.83,1,20,21,2335537.0,20586887062.0,8814.63,233593893.0,100.02,1200.21,129.0,108.33,106.66,0,0
335,27.92,1,20,21,2335537.0,20266212133.0,8677.32,230180308.0,98.56,1182.67,125.26,106.59,105.46,0,0
336,28.0,0,21,21,2474444.0,21919210715.0,8858.24,230099417.0,92.99,1115.88,120.28,105.46,104.83,0,1
337,28.08,1,20,21,2474444.0,21568714551.0,8716.59,226727507.0,91.63,1099.53,115.7,105.76,103.65,0,0
338,28.17,1,20,21,2474444.0,21469422842.0,8676.46,227086257.0,91.77,1101.27,111.51,107.5,103.82,0,0
339,28.25,1,20,21,2474444.0,21514506268.0,8694.68,228296874.0,92.26,1107.14,107.47,109.6,104.3,0,0
340,28.33,1,20,21,2474444.0,21738596412.0,8785.25,231316534.0,93.48,1121.79,104.6,111.65,105.45,0,0
341,28.42,1,20,21,2474444.0,21788890348.0,8805.57,234758272.0,94.87,1138.48,101.42,113.92,106.74,0,0
342,28.5,1,20,21,2474444.0,21765588201.0,8796.15,235688452.0,95.25,1142.99,99.42,117.66,107.13,0,0
343,28.58,1,20,21,2474444.0,21903871782.0,8852.04,238984160.0,96.58,1158.97,98.98,120.07,108.37,0,0
344,28.67,1,20,21,2474444.0,21763770809.0,8795.42,238745149.0,96.48,1157.81,97.98,120.62,108.33,0,0
345,28.75,1,20,21,2474444.0,21469957113.0,8676.68,237328465.0,95.91,1150.94,97.41,121.01,107.86,0,0
346,28.83,1,20,21,2474444.0,20999844923.0,8486.69,234038892.0,94.58,1134.99,97.59,120.65,106.7,0,0
347,28.92,1,20,21,2474444.0,20637629294.0,8340.31,230806332.0,93.28,1119.31,98.18,121.13,105.57,0,0
348,29.0,0,21,21,2619923.0,22210026154.0,8477.36,231626783.0,88.41,1060.92,98.56,120.7,105.1,0,1
349,29.08,1,20,21,2619923.0,21762482143.0,8306.54,228251499.0,87.12,1045.46,98.51,119.41,103.92,0,0
350,29.17,1,20,21,2619923.0,21611585759.0,8248.94,228106021.0,87.07,1044.79,96.77,120.26,103.91,0,0
351,29.25,1,20,21,2619923.0,21600294122.0,8244.63,229090894.0,87.44,1049.3,94.51,120.8,104.31,0,0
352,29.33,1,20,21,2619923.0,21784902076.0,8315.09,232072941.0,88.58,1062.96,91.35,121.1,105.44,0,0
353,29.42,1,20,21,2619923.0,21914841207.0,8364.69,234551744.0,89.53,1074.31,88.89,121.12,106.38,0,0
354,29.5,1,20,21,2619923.0,21934351828.0,8372.14,236053212.0,90.1,1081.19,86.5,120.5,106.97,0,0
355,29.58,1,20,21,2619923.0,22161132154.0,8458.7,238852222.0,91.17,1094.01,83.5,120.98,108.03,0,0
356,29.67,1,20,21,2619923.0,22073320011.0,8425.18,238748409.0,91.13,1093.54,83.47,120.75,108.04,0,0
357,29.75,1,20,21,2619923.0,21878309215.0,8350.75,237063314.0,90.48,1085.82,83.86,120.66,107.47,0,0
358,29.83,1,20,21,2619923.0,21485679107.0,8200.88,234363290.0,89.45,1073.45,84.9,121.78,106.54,0,0
359,29.92,1,20,21,2619923.0,21076723570.0,8044.79,231515836.0,88.37,1060.41,85.61,122.9,105.55,0,0
360,30.0,0,21,21,2769805.0,22744190658.0,8211.48,231581163.0,83.61,1003.31,86.82,122.87,104.94,0,1
361,30.08,1,20,21,2769805.0,22270276183.0,8040.38,229049888.0,82.7,992.34,88.23,123.46,104.07,0,0
362,30.17,1,20,21,2769805.0,22158646595.0,8000.07,228495965.0,82.5,989.94,88.74,124.36,103.91,0,0
363,30.25,1,20,21,2769805.0,22107888012.0,7981.75,229194975.0,82.75,992.97,89.43,125.84,104.21,0,0
364,30.33,1,20,21,2769805.0,22250205420.0,8033.13,231657255.0,83.64,1003.64,88.96,125.92,105.15,0,0
365,30.42,1,20,21,2769805.0,22394240809.0,8085.13,234450977.0,84.65,1015.74,89.3,126.19,106.2,0,0
366,30.5,1,20,21,2769805.0,22448226507.0,8104.62,236091115.0,85.24,1022.85,89.0,128.44,106.84,0,0
367,30.58,1,20,21,2769805.0,22568336920.0,8147.99,238357384.0,86.06,1032.67,88.86,129.52,107.71,0,0
368,30.67,1,20,21,2769805.0,22372533048.0,8077.3,238621237.0,86.15,1033.81,89.37,130.94,107.85,0,0
369,30.75,1,20,21,2769805.0,22106731063.0,7981.33,237764177.0,85.84,1030.1,89.82,131.5,107.58,0,0
370,30.83,1,20,21,2769805.0,21686500692.0,7829.61,234902846.0,84.81,1017.7,91.6,132.06,106.59,0,0
371,30.92,1,20,21,2769805.0,21289270801.0,7686.2,232542479.0,83.96,1007.48,92.83,131.6,105.77,0,0
372,31.0,0,21,21,2948537.0,22925309022.0,7775.15,232993887.0,79.02,948.24,95.48,131.51,105.17,0,1
373,31.08,1,20,21,2948537.0,22494196646.0,7628.94,230416130.0,78.15,937.75,99.07,132.19,104.28,0,0
374,31.17,1,20,21,2948537.0,22323492171.0,7571.04,230136451.0,78.05,936.61,103.73,131.73,104.23,0,0
375,31.25,1,20,21,2948537.0,22315831769.0,7568.44,231308058.0,78.45,941.38,108.52,131.76,104.69,0,0
376,31.33,1,20,21,2948537.0,22416071803.0,7602.44,233947840.0,79.34,952.12,113.14,132.21,105.69,0,0
377,31.42,1,20,21,2948537.0,22519632617.0,7637.56,235889813.0,80.0,960.03,115.73,133.23,106.44,0,0
378,31.5,1,20,21,2948537.0,22473203457.0,7621.82,237060279.0,80.4,964.79,116.3,133.33,106.91,0,0
379,31.58,1,20,21,2948537.0,22587803371.0,7660.68,239785245.0,81.32,975.88,116.86,133.33,107.94,0,0
380,31.67,1,20,21,2948537.0,22494412477.0,7629.01,239362182.0,81.18,974.16,115.97,133.79,107.83,0,0
381,31.75,1,20,21,2948537.0,22176506342.0,7521.19,238170510.0,80.78,969.31,114.91,133.61,107.44,0,0
382,31.83,1,20,21,2948537.0,21826425871.0,7402.46,234706881.0,79.6,955.21,114.32,132.88,106.23,0,0
383,31.92,1,20,21,2948537.0,21406714356.0,7260.11,232363113.0,78.81,945.67,116.34,132.88,105.43,0,0
384,32.0,0,21,21,3121503.0,23020437015.0,7374.79,234079100.0,74.99,899.87,118.95,132.88,104.85,0,1
385,32.08,1,20,21,3121503.0,22577788275.0,7232.99,230650759.0,73.89,886.69,121.76,130.98,103.66,0,0
386,32.17,1,20,21,3121503.0,22433978097.0,7186.92,231113716.0,74.04,888.47,123.87,128.82,103.87,0,0
387,32.25,1,20,21,3121503.0,22490513150.0,7205.03,232024523.0,74.33,891.97,126.58,127.42,104.24,0,0
388,32.33,1,20,21,3121503.0,22614306250.0,7244.69,235305910.0,75.38,904.59,128.91,126.68,105.46,0,0
389,32.42,1,20,21,3121503.0,22717250320.0,7277.66,237461848.0,76.07,912.88,129.37,125.71,106.28,0,0
390,32.5,1,20,21,3121503.0,22736361094.0,7283.79,238939935.0,76.55,918.56,129.18,125.71,106.86,0,0
391,32.58,1,20,21,3121503.0,22873972086.0,7327.87,241808750.0,77.47,929.59,127.32,127.55,107.93,0,0
392,32.67,1,20,21,3121503.0,22630528036.0,7249.88,241601634.0,77.4,928.79,126.68,129.71,107.9,0,0
393,32.75,1,20,21,3121503.0,22324111256.0,7151.72,240424555.0,77.02,924.26,127.25,130.32,107.52,0,0
394,32.83,1,20,21,1560751.0,21856721462.0,14003.97,236802855.0,151.72,1820.68,127.35,131.92,106.27,0,0
395,32.92,1,20,21,1560751.0,21488249561.0,13767.89,233771510.0,149.78,1797.38,128.23,132.89,105.22,0,0
396,33.0,0,21,21,1650063.0,22954643409.0,13911.37,234768691.0,142.28,1707.34,128.29,132.89,104.87,0,1
397,33.08,1,20,21,1650063.0,22537773559.0,13658.73,231556489.0,140.33,1683.98,128.62,132.95,103.77,0,0
398,33.17,1,20,21,1650063.0,22465305412.0,13614.81,230799427.0,139.87,1678.48,129.23,131.7,103.54,0,0
399,33.25,1,20,21,1650063.0,22475081213.0,13620.74,232299717.0,140.78,1689.39,127.58,130.46,104.12,0,0
400,33.33,1,20,21,1650063.0,22657403503.0,13731.23,235247114.0,142.57,1710.82,125.41,128.88,105.22,0,0
401,33.42,1,20,21,1650063.0,22784491890.0,13808.25,237984924.0,144.23,1730.73,124.41,126.78,106.24,0,0
402,33.5,1,20,21,1650063.0,22759279371.0,13792.97,238565362.0,144.58,1734.95,125.55,125.37,106.5,0,0
403,33.58,1,20,21,1650063.0,22908632265.0,13883.49,241579613.0,146.41,1756.88,127.61,122.36,107.62,0,0
404,33.67,1,20,21,1650063.0,22798748631.0,13816.89,241941890.0,146.63,1759.51,130.58,121.6,107.8,0,0
405,33.75,1,20,21,1650063.0,22537773208.0,13658.73,240329698.0,145.65,1747.79,133.68,122.14,107.26,0,0
406,33.83,1,20,21,1650063.0,22102508211.0,13394.94,237335704.0,143.83,1726.01,137.49,122.07,106.23,0,0
407,33.92,1,20,21,1650063.0,21697540183.0,13149.52,234841406.0,142.32,1707.87,139.83,122.56,105.38,0,0
408,34.0,0,21,21,1752262.0,23398662669.0,13353.41,235210821.0,134.23,1610.79,142.83,122.22,105.11,0,1
409,34.08,1,20,21,1752262.0,23002004687.0,13127.04,232488776.0,132.68,1592.15,145.93,123.93,104.18,0,0
410,34.17,1,20,21,1752262.0,22823721923.0,13025.29,232828166.0,132.87,1594.48,147.6,124.93,104.34,0,0
411,34.25,1,20,21,1752262.0,22761384595.0,12989.72,234106726.0,133.6,1603.23,149.81,126.0,104.85,0,0
412,34.33,1,20,21,1752262.0,22930710302.0,13086.35,237182965.0,135.36,1624.3,150.42,127.65,105.99,0,0
413,34.42,1,20,21,1752262.0,23031963787.0,13144.13,0.0,0.0,0.0,150.52,129.27,106.85,1,0
414,34.5,1,20,21,1752262.0,22970385160.0,13108.99,240414555.0,137.2,1646.43,150.24,130.94,107.24,0,0
415,34.58,1,20,21,1752262.0,23044471175.0,13151.27,242311790.0,138.29,1659.42,149.98,132.24,107.97,0,0
416,34.67,1,20,21,1752262.0,22873049595.0,13053.44,241507746.0,137.83,1653.92,146.68,133.21,107.72,0,0
417,34.75,1,20,21,1752262.0,22604578906.0,12900.23,239381075.0,136.61,1639.35,143.4,133.88,107.0,0,0
418,34.83,1,20,21,1752262.0,22136121832.0,12632.89,236449304.0,134.94,1619.27,140.79,133.88,105.99,0,0
419,34.92,1,20,21,1752262.0,21732172402.0,12402.35,233707164.0,133.37,1600.49,137.66,133.82,105.05,0,0
420,35.0,0,21,21,1848754.0,23290588968.0,12597.99,233852035.0,126.49,1517.9,136.31,133.89,104.53,0,1
421,35.08,1,20,21,1848754.0,22887094624.0,12379.74,231198165.0,125.06,1500.67,135.0,133.89,103.63,0,0
422,35.17,1,20,21,1848754.0,22784291247.0,12324.13,231391712.0,125.16,1501.93,137.58,133.94,103.74,0,0
423,35.25,1,20,21,1848754.0,22831460675.0,12349.64,232916971.0,125.99,1511.83,137.85,132.93,104.33,0,0
424,35.33,1,20,21,1848754.0,23001430319.0,12441.58,235756664.0,127.52,1530.26,138.54,130.97,105.39,0,0
425,35.42,1,20,21,1848754.0,23111038322.0,12500.87,238688917.0,129.11,1549.3,139.14,128.33,106.49,0,0
426,35.5,1,20,21,1848754.0,23124905824.0,12508.37,240046994.0,129.84,1558.11,136.47,125.81,107.02,0,0
427,35.58,1,20,21,1848754.0,23243511996.0,12572.53,243042605.0,131.46,1577.55,133.88,122.96,108.14,0,0
428,35.67,1,20,21,1848754.0,23032419279.0,12458.34,242711817.0,131.28,1575.41,129.13,120.91,108.06,0,0
429,35.75,1,20,21,1848754.0,22725428528.0,12292.29,241074767.0,130.4,1564.78,126.0,120.21,107.52,0,0
430,35.83,1,20,21,1848754.0,22240440097.0,12029.96,237642272.0,128.54,1542.5,122.52,122.18,106.33,0,0
431,35.92,1,20,21,1848754.0,21840479170.0,11813.62,234494602.0,126.84,1522.07,119.67,124.77,105.25,0,0
432,36.0,0,21,21,1961165.0,23278444403.0,11869.7,233598046.0,119.11,1429.34,119.36,127.29,104.82,0,1
433,36.08,1,20,21,1961165.0,22876715416.0,11664.86,230424676.0,117.49,1409.93,117.5,129.66,103.72,0,0
434,36.17,1,20,21,1961165.0,22814525662.0,11633.15,230543696.0,117.55,1410.65,116.89,130.88,103.81,0,0
435,36.25,1,20,21,1961165.0,22850877509.0,11651.69,231636413.0,118.11,1417.34,118.06,132.58,104.25,0,0
436,36.33,1,20,21,1961165.0,23101365647.0,11779.41,234695614.0,119.67,1436.06,120.27,132.58,105.39,0,0
437,36.42,1,20,21,1961165.0,23196524203.0,11827.93,237447209.0,121.07,1452.9,122.86,131.9,106.42,0,0
438,36.5,1,20,21,1961165.0,23166209434.0,11812.47,238671347.0,121.7,1460.39,124.6,131.8,106.91,0,0
439,36.58,1,20,21,1961165.0,23221080322.0,11840.45,241503551.0,123.14,1477.72,127.96,132.28,107.97,0,0
440,36.67,0,20,20,1961165.0,22991270217.0,11723.27,240823998.0,122.8,1473.56,133.44,133.12,107.77,0,0
441,36.75,0,20,20,1961165.0,22626099149.0,11537.07,239458822.0,122.1,1465.2,139.01,133.12,107.33,0,0
442,36.83,0,20,20,1961165.0,22148541152.0,11293.56,236436216.0,120.56,1446.71,143.97,131.95,106.28,0,0
443,36.92,0,20,20,1961165.0,21735080788.0,11082.74,233624203.0,119.13,1429.5,149.0,131.49,105.31,0,0
444,37.0,0,20,20,2079421.0,21419578029.0,10300.74,220384171.0,105.98,1271.8,152.45,130.71,104.75,0,1
445,37.08,1,19,20,2079421.0,20995518637.0,10096.81,217606843.0,104.65,1255.77,156.14,130.71,103.74,0,0
446,37.17,1,19,20,2079421.0,20894478532.0,10048.22,217655544.0,104.67,1256.05,157.12,128.69,103.8,0,0
447,37.25,1,19,20,2079421.0,20891756985.0,10046.91,218887352.0,105.26,1263.16,156.26,126.58,104.32,0,0
448,37.33,1,19,20,2079421.0,20932962729.0,10066.72,221635178.0,106.59,1279.02,154.27,125.05,105.41,0,0
449,37.42,1,19,20,2079421.0,21055869004.0,10125.83,223838679.0,107.64,1291.74,154.69,123.13,106.29,0,0
450,37.5,1,19,20,2079421.0,20956835619.0,10078.21,225029930.0,108.22,1298.61,155.95,120.01,106.79,0,0
451,37.58,1,19,20,2079421.0,21092985087.0,10143.68,227436553.0,109.37,1312.5,155.88,116.55,107.75,0,0
452,37.67,1,19,20,2079421.0,20879596858.0,10041.06,227376527.0,109.35,1312.15,155.88,115.31,107.77,0,0
453,37.75,1,19,20,2079421.0,20567752785.0,9891.09,226140507.0,108.75,1305.02,155.97,114.66,107.34,0,0
454,37.83,1,19,20,2079421.0,20141563242.0,9686.14,222762350.0,107.13,1285.52,155.81,114.69,106.1,0,0
455,37.92,1,19,20,2079421.0,19724930644.0,9485.78,220092902.0,105.84,1270.12,155.45,114.09,105.12,0,0
456,38.0,0,20,20,2209201.0,20965385145.0,9490.03,220754110.0,99.92,1199.1,155.45,114.19,104.76,0,1
457,38.08,1,19,20,2209201.0,20531245507.0,9293.52,218008985.0,98.68,1184.19,154.48,113.49,103.76,0,0
458,38.17,1,19,20,2209201.0,20385480326.0,9227.53,218283939.0,98.81,1185.68,154.48,112.29,103.91,0,0
459,38.25,1,19,20,2209201.0,20368622717.0,9219.9,219292312.0,99.26,1191.16,155.25,110.52,104.34,0,0
460,38.33,1,19,20,2209201.0,20487625813.0,9273.77,222867161.0,100.88,1210.58,155.79,109.06,105.74,0,0
461,38.42,1,19,20,2209201.0,20559510729.0,9306.31,225345926.0,102.0,1224.04,153.18,108.72,106.73,0,0
462,38.5,1,19,20,2209201.0,20472802128.0,9267.06,226211001.0,102.39,1228.74,150.52,108.65,107.1,0,0
463,38.58,0,19,19,2209201.0,20587424706.0,9318.95,228667336.0,103.51,1242.08,149.01,107.84,108.08,0,0
464,38.67,0,19,19,2209201.0,20441131299.0,9252.73,228272395.0,103.33,1239.94,146.54,108.01,107.97,0,0
465,38.75,0,19,19,2209201.0,20191164278.0,9139.58,227338198.0,102.91,1234.86,143.89,107.95,107.66,0,0
466,38.83,0,19,19,2209201.0,19799711179.0,8962.39,223742085.0,101.28,1215.33,143.39,108.26,106.34,0,0
467,38.92,0,19,19,2209201.0,19384873951.0,8774.61,221548775.0,100.28,1203.41,143.58,109.19,105.55,0,0
468,39.0,0,19,19,2347026.0,20769004081.0,8849.07,209245116.0,89.15,1069.84,142.06,110.5,105.15,0,1
469,39.08,1,18,19,2347026.0,20395119733.0,8689.77,206447276.0,87.96,1055.53,140.42,112.33,104.07,0,0
470,39.17,1,18,19,2347026.0,20296220628.0,8647.63,206454638.0,87.96,1055.57,139.39,113.19,104.11,0,0
471,39.25,1,18,19,2347026.0,20286685788.0,8643.57,207211293.0,88.29,1059.44,137.36,113.53,104.46,0,0
472,39.33,1,18,19,2347026.0,20423692339.0,8701.95,209785117.0,89.38,1072.6,135.2,112.49,105.54,0,0
473,39.42,1,18,19,2347026.0,20558912003.0,8759.56,211577759.0,90.15,1081.77,133.26,112.38,106.31,0,0
474,39.5,1,18,19,2347026.0,20466787864.0,8720.31,211921756.0,90.29,1083.52,132.4,114.55,106.49,0,0
475,39.58,1,18,19,2347026.0,20528271414.0,8746.5,214586830.0,91.43,1097.15,131.23,117.69,107.62,0,0
476,39.67,1,18,19,2347026.0,20387411490.0,8686.49,214307075.0,91.31,1095.72,128.91,120.65,107.55,0,0
477,39.75,1,18,19,2347026.0,20069353594.0,8550.97,212971615.0,90.74,1088.89,128.11,123.76,107.05,0,0
478,39.83,1,18,19,2347026.0,19692996868.0,8390.62,210365215.0,89.63,1075.57,125.44,126.83,106.04,0,0
479,39.92,1,18,19,2347026.0,19320142137.0,8231.75,207775160.0,88.53,1062.32,123.69,127.76,105.04,0,0
480,40.0,0,19,19,2493275.0,20697771062.0,8301.44,208608932.0,83.67,1004.02,122.16,128.24,104.92,0,1
